customerID,tenure,PhoneService,Contract,PaymentMethod,MonthlyCharges,TotalCharges,AutoPay,Churn,monthly_to_total,tenure_to_total
9305-CKSKC,22,0,0,1,97.4,811.7,1,0,0.11999507207096217,0.027103609708020202
1452-KNGVK,8,1,1,0,77.3,1701.95,0,0,0.04541849055495167,0.004700490613707806
6723-OKKJM,28,1,0,0,28.25,250.9,0,1,0.11259465922678358,0.11159824631327221
7832-POPKP,62,0,1,2,101.7,3106.56,2,0,0.032737175525339925,0.01995776679027606
6348-TACGU,10,1,0,1,51.15,3440.97,1,1,0.014864994463770391,0.002906157275419431
